{
  "patients": [
    {
      "id": 1,
      "name": "Kgothatso",
      "lastname": "Sodi",
      "email": "kg@gmail.com",
      "dob": "17 October 1992",
      "gender": "male"
    },
    {
      "id": 2,
      "name": "Dimpho",
      "lastname": "Red",
      "email": "dr@gmail.com",
      "dob": "14 March 1999",
      "gender": "male"
    },
    {
      "id": 3,
      "name": "Dineo",
      "lastname": "Mike",
      "email": "Dineo@gmail.com",
      "dob": "23 February 2004",
      "gender": "male"
    },
    {
      "id": 4,
      "name": "Frida",
      "lastname": "Zakes",
      "email": "Fridaz@gmail.com",
      "dob": "11 December 1998",
      "gender": "female"
    },
    {
      "id": 5,
      "firstName": "Trish",
      "lastname": "taxi",
      "email": "trish@gmail.com",
      "dob": "17 March 1992",
      "gender": "F"
    },
    {
      "id": 6,
      "firstName": "Trish",
      "lastname": "taxi",
      "email": "trish@gmail.com",
      "dob": "17 March 1992",
      "gender": "F"
    },
    {
      "id": 7,
      "firstName": "Trish",
      "lastname": "taxi",
      "email": "trish@gmail.com",
      "dob": "17 March 1992",
      "gender": "F"
    }
  ],
  "doctors": [
    {
      "DocId": "12",
      "DocName": "Fred",
      "DocSurname": "Ally",
      "PracticeNo": "212",
      "DocLoc": "Mams"
    },
    {
      "DocId": "123",
      "DocName": "Wall",
      "DocSurname": "Seaun",
      "PracticeNo": "412",
      "DocLoc": "Sosh"
    },
    {
      "DocId": "321",
      "DocName": "Rob",
      "DocSurname": "Ice",
      "PracticeNo": "4623",
      "DocLoc": "Jhb"
    }
  ],
  "movies": [
    {
      "_index": "movies",
      "_type": "movies",
      "_id": "122886",
      "_score": 1,
      "_source": {
        "id": "122886",
        "title": "Star Wars: Episode VII - The Force Awakens",
        "year": 2015,
        "genre": [
          "Action",
          "Adventure",
          "Fantasy",
          "Sci-Fi",
          "IMAX"
        ]
      }
    },
    {
      "_index": "movies",
      "_type": "movies",
      "_id": "58559",
      "_score": 1,
      "_source": {
        "id": "58559",
        "title": "Dark Knight, The",
        "year": 2008,
        "genre": [
          "Action",
          "Crime",
          "Drama",
          "IMAX"
        ]
      }
    },
    {
      "_index": "movies",
      "_type": "movies",
      "_id": "109487",
      "_score": 1,
      "_source": {
        "filter": {
          "match_all": {}
        }
      }
    },
    {
      "_index": "movies",
      "_type": "movies",
      "_id": "135569",
      "_score": 1,
      "_source": {
        "id": "135569",
        "title": "Star Trek Beyond",
        "year": 2016,
        "genre": [
          "Action",
          "Adventure",
          "Sci-Fi"
        ]
      }
    },
    {
      "_index": "movies",
      "_type": "movies",
      "_id": "1924",
      "_score": 1,
      "_source": {
        "id": "1924",
        "title": "Plan 9 from Outer Space",
        "year": 1959,
        "genre": [
          "Horror",
          "Sci-Fi"
        ]
      }
    }
  ]
}