{
  "patients": [
    {
      "id": 1,
      "name": "Kgothatso",
      "lastname": "Sodi",
      "email": "kg@gmail.com",
      "dob": "17 October 1992",
      "gender": "male"
    },
    {
      "id": 2,
      "name": "Dimpho",
      "lastname": "Red",
      "email": "dr@gmail.com",
      "dob": "14 March 1999",
      "gender": "male"
    },
    {
      "id": 3,
      "name": "Dineo",
      "lastname": "Mike",
      "email": "Dineo@gmail.com",
      "dob": "23 February 2004",
      "gender": "male"
    },
    {
      "id": 4,
      "name": "Frida",
      "lastname": "Zakes",
      "email": "Fridaz@gmail.com",
      "dob": "11 December 1998",
      "gender": "female"
    },
    {
      "id": 5,
      "name": "Trish",
      "lastname": "Lonehill",
      "email": "trishlone@gmail.com",
      "dob": "2018-05-08",
      "gender": "f"
    },
    {
      "id": 6,
      "name": "Drecular",
      "lastname": "Alucard",
      "email": "drecullar@mail.com",
      "dob": "2018-07-10",
      "gender": "M"
    },
    {
      "id": 7,
      "name": "David",
      "lastname": "Tyson",
      "email": "dt@fb.com",
      "dob": "2018-07-03",
      "gender": "m"
    },
    {
      "id": 8,
      "name": "Tyrese",
      "lastname": "Quele",
      "email": "qq@q",
      "dob": "2018-07-09",
      "gender": "q"
    },
    {
      "id": 9,
      "name": "Maven",
      "lastname": "Seed",
      "email": "werwer@weeeee",
      "dob": "2018-07-03",
      "gender": "w"
    },
    {
      "id": 10,
      "name": "Restful",
      "lastname": "wwww",
      "email": "www@sss",
      "dob": "2018-07-03",
      "gender": "we"
    },
    {
      "id": 11,
      "name": "Jason",
      "lastname": "Seed",
      "email": "Kgfg@ww",
      "dob": "2018-07-10",
      "gender": "w"
    },
    {
      "id": 12,
      "name": "London",
      "lastname": "wwww",
      "email": "www@sss",
      "dob": "2018-07-03",
      "gender": "w"
    },
    {
      "id": 13,
      "name": "Trisha",
      "lastname": "Ross",
      "email": "Kgfg@ww",
      "dob": "2018-07-03",
      "gender": "r"
    },
    {
      "id": 14,
      "name": "Goddon",
      "lastname": "asd",
      "email": "asa@w",
      "dob": "2018-07-03",
      "gender": "w"
    },
    {
      "id": 15,
      "name": "Peter",
      "lastname": "werwer",
      "email": "Kgfg@ww",
      "dob": "2018-07-18",
      "gender": "w"
    },
    {
      "id": 16,
      "name": "Lit",
      "lastname": "qwe",
      "email": "qwe@ww",
      "dob": "2018-07-09",
      "gender": "q"
    },
    {
      "id": 17,
      "name": "Ivu",
      "lastname": "TATURA",
      "email": "KEMAM@DD",
      "dob": "2018-07-04",
      "gender": "s"
    },
    {
      "id": 18,
      "name": "Brown",
      "lastname": "234wer",
      "email": "234zwz@dd",
      "dob": "2018-07-10",
      "gender": "M"
    },
    {
      "id": 19
    }
  ],
  "doctors": [
    {
      "DocId": "12",
      "DocName": "Fred",
      "DocSurname": "Ally",
      "PracticeNo": "212",
      "DocLoc": "Mams"
    },
    {
      "DocId": "123",
      "DocName": "Wall",
      "DocSurname": "Seaun",
      "PracticeNo": "412",
      "DocLoc": "Sosh"
    },
    {
      "DocId": "321",
      "DocName": "Rob",
      "DocSurname": "Ice",
      "PracticeNo": "4623",
      "DocLoc": "Jhb"
    }
  ],
  "movies": [
    {
      "_index": "movies",
      "_type": "movies",
      "_id": "122886",
      "_score": 1,
      "_source": {
        "id": "122886",
        "title": "Star Wars: Episode VII - The Force Awakens",
        "year": 2015,
        "genre": [
          "Action",
          "Adventure",
          "Fantasy",
          "Sci-Fi",
          "IMAX"
        ]
      }
    },
    {
      "_index": "movies",
      "_type": "movies",
      "_id": "58559",
      "_score": 1,
      "_source": {
        "id": "58559",
        "title": "Dark Knight, The",
        "year": 2008,
        "genre": [
          "Action",
          "Crime",
          "Drama",
          "IMAX"
        ]
      }
    },
    {
      "_index": "movies",
      "_type": "movies",
      "_id": "109487",
      "_score": 1,
      "_source": {
        "filter": {
          "match_all": {}
        }
      }
    },
    {
      "_index": "movies",
      "_type": "movies",
      "_id": "135569",
      "_score": 1,
      "_source": {
        "id": "135569",
        "title": "Star Trek Beyond",
        "year": 2016,
        "genre": [
          "Action",
          "Adventure",
          "Sci-Fi"
        ]
      }
    },
    {
      "_index": "movies",
      "_type": "movies",
      "_id": "1924",
      "_score": 1,
      "_source": {
        "id": "1924",
        "title": "Plan 9 from Outer Space",
        "year": 1959,
        "genre": [
          "Horror",
          "Sci-Fi"
        ]
      }
    }
  ]
}